{
  "HotWater": [
    1.78,
    2.46,
    1.48,
    2.36,
    2.05,
    2.27,
    1.31,
    1.34,
    2.37,
    0.9,
    1.16,
    1.17,
    1.11,
    2.58,
    2.9,
    1.05,
    1.4,
    2.77,
    1.35,
    2.54
  ],
  "InternalTemperature1": null,
  "InternalTemperature2": null,
  "ExternalTemperature": null,
  "Cooling": [
    0.0,
    0.0,
    0.0,
    0.0,
    0.0,
    0.0,
    0.0,
    0.0,
    0.0,
    0.0,
    0.0,
    0.0,
    0.0,
    0.0,
    0.0,
    0.0,
    0.0,
    0.0,
    0.0,
    0.0
  ],
  "Heating": [
    9.81,
    12.81,
    21.81,
    12.26,
    11.25,
    8.77,
    7.57,
    6.21,
    7.57,
    9.92,
    10.66,
    8.81,
    7.25,
    8.77,
    10.81,
    9.59,
    17.7,
    15.43,
    13.84,
    11.52
  ],
  "CoP": [
    3.3252804141501295,
    2.967910936476752,
    2.8849291541434092,
    3.65389876880985,
    3.600751879699248,
    3.7907608695652177,
    3.84009009009009,
    3.9443708609271524,
    3.5784708249496986,
    3.648798521256931,
    3.5372250423011846,
    3.4819639278557113,
    3.5622009569377995,
    3.527753303964758,
    3.4354485776805253,
    3.3167293233082704,
    2.7827225130890048,
    3.040659340659341,
    3.1138907175773536,
    3.2368421052631575
  ],
  "MissingSampleQuarter": [
    null,
    null,
    null,
    null
  ],
  "MissingSampleMonth": [
    null,
    null,
    null,
    null,
    null,
    null,
    null,
    null,
    null,
    null,
    null,
    null
  ],
  "ProducedHotWater": [
    4.56,
    5.48,
    4.1,
    6.42,
    5.56,
    5.92,
    3.43,
    3.52,
    5.88,
    2.23,
    2.7,
    3.09,
    3.2,
    6.65,
    7.97,
    2.43,
    3.52,
    7.72,
    3.82,
    6.75
  ],
  "ProducedCooling": [
    0.0,
    0.0,
    0.0,
    0.0,
    0.0,
    0.0,
    0.0,
    0.0,
    0.0,
    0.0,
    0.0,
    0.0,
    0.0,
    0.0,
    0.0,
    0.0,
    0.0,
    0.0,
    0.0,
    0.0
  ],
  "ProducedHeating": [
    33.98,
    39.84,
    63.09,
    47.0,
    42.33,
    35.93,
    30.67,
    26.26,
    29.69,
    37.25,
    39.11,
    31.66,
    26.58,
    33.39,
    39.13,
    32.86,
    49.63,
    47.62,
    43.48,
    38.76
  ],
  "TotalHeatingConsumed": 222.36,
  "TotalCoolingConsumed": 0.0,
  "TotalHotWaterConsumed": 36.349999999999994,
  "TotalHeatingProduced": 768.2600000000001,
  "TotalCoolingProduced": 0.0,
  "TotalHotWaterProduced": 94.95,
  "AverageInternalTemperature": 0.0,
  "AverageExternalTemperature": 0.0,
  "Status": 0,
  "LabelType": 1,
  "TempLabels": null,
  "Labels": [
    10,
    11,
    12,
    13,
    14,
    15,
    16,
    17,
    18,
    19,
    20,
    21,
    22,
    23,
    24,
    25,
    26,
    27,
    28,
    29
  ],
  "HasZone2": false,
  "CurrencySymbol": "kWh",
  "FromDate": "2024-10-10T00:00:00",
  "ToDate": "2024-10-29T00:00:00",
  "DeviceName": "Zuby",
  "BuildingAddress": null,
  "BuildingCity": null,
  "BuildingCountry": null,
  "CustomerName": null,
  "costs": null,
  "TotalMinutes": 27360,
  "MissingMinutes": -1440
}