{
  "HotWater": [
    1.19,
    1.4,
    1.359,
    2.62,
    1.25,
    2.07,
    1.96,
    2.52,
    1.92,
    3.48,
    3.719,
    1.67,
    2.28,
    3.719,
    1.99,
    4.04,
    1.88,
    3.68,
    1.21,
    2.5
  ],
  "InternalTemperature1": null,
  "InternalTemperature2": null,
  "ExternalTemperature": null,
  "Cooling": [
    0.0,
    0.0,
    0.0,
    0.0,
    0.0,
    0.0,
    0.0,
    0.0,
    0.0,
    0.0,
    0.0,
    0.0,
    0.0,
    0.0,
    0.0,
    0.0,
    0.0,
    0.0,
    0.0,
    0.0
  ],
  "Heating": [
    55.08,
    74.74,
    87.53,
    42.33,
    40.98,
    48.78,
    38.98,
    35.88,
    56.7,
    67.67,
    85.84,
    98.21,
    101.41,
    90.42,
    82.73,
    82.63,
    84.77,
    80.12,
    69.2,
    61.74
  ],
  "CoP": [
    2.4739648125111073,
    1.9548200682952457,
    1.8075352405809493,
    2.4854282536151278,
    2.4141605493724843,
    2.1950835791543755,
    2.534196384953591,
    2.36796875,
    1.9663937222790857,
    1.8798313422347153,
    1.603188959233578,
    1.6228474169002804,
    1.6125952357990163,
    1.6351352786836488,
    1.9264636449480643,
    1.6934348678896967,
    1.651009809578765,
    1.7922434367541766,
    2.0372106234909815,
    1.990348692403487
  ],
  "MissingSampleQuarter": [
    null,
    null,
    null,
    null
  ],
  "MissingSampleMonth": [
    null,
    null,
    null,
    null,
    null,
    null,
    null,
    null,
    null,
    null,
    null,
    null
  ],
  "ProducedHotWater": [
    2.41,
    2.28,
    2.36,
    6.8,
    3.07,
    4.89,
    4.61,
    6.71,
    3.84,
    6.79,
    7.71,
    3.31,
    3.99,
    7.23,
    3.85,
    6.85,
    3.87,
    7.68,
    2.5,
    5.56
  ],
  "ProducedCooling": [
    0.0,
    0.0,
    0.0,
    0.0,
    0.0,
    0.0,
    0.0,
    0.0,
    0.0,
    0.0,
    0.0,
    0.0,
    0.0,
    0.0,
    0.0,
    0.0,
    0.0,
    0.0,
    0.0,
    0.0
  ],
  "ProducedHeating": [
    136.8,
    146.56,
    158.31,
    104.92,
    98.88,
    106.73,
    99.14,
    84.22,
    111.43,
    126.96,
    135.87,
    158.78,
    163.22,
    146.7,
    159.36,
    139.92,
    139.19,
    142.51,
    140.94,
    122.3
  ],
  "TotalHeatingConsumed": 1385.7400000000002,
  "TotalCoolingConsumed": 0.0,
  "TotalHotWaterConsumed": 46.45700000000001,
  "TotalHeatingProduced": 2622.7400000000002,
  "TotalCoolingProduced": 0.0,
  "TotalHotWaterProduced": 96.31,
  "AverageInternalTemperature": 0.0,
  "AverageExternalTemperature": 0.0,
  "Status": 0,
  "LabelType": 1,
  "TempLabels": null,
  "Labels": [
    2,
    3,
    4,
    5,
    6,
    7,
    8,
    9,
    10,
    11,
    12,
    13,
    14,
    15,
    16,
    17,
    18,
    19,
    20,
    21
  ],
  "HasZone2": false,
  "CurrencySymbol": "kWh",
  "FromDate": "2025-01-02T00:00:00",
  "ToDate": "2025-01-21T00:00:00",
  "DeviceName": "Zuby",
  "BuildingAddress": null,
  "BuildingCity": null,
  "BuildingCountry": null,
  "CustomerName": null,
  "costs": null,
  "TotalMinutes": 27360,
  "MissingMinutes": -1440
}