{
  "HotWater": [
    2.9,
    1.05,
    1.4,
    2.77,
    1.35,
    2.54,
    1.83,
    2.7,
    4.32,
    5.33,
    4.66,
    4.67,
    1.53,
    2.59,
    1.26,
    2.44,
    1.24,
    1.58,
    2.77,
    1.43
  ],
  "InternalTemperature1": null,
  "InternalTemperature2": null,
  "ExternalTemperature": null,
  "Cooling": [
    0.0,
    0.0,
    0.0,
    0.0,
    0.0,
    0.0,
    0.0,
    0.0,
    0.0,
    0.0,
    0.0,
    0.0,
    0.0,
    0.0,
    0.0,
    0.0,
    0.0,
    0.0,
    0.0,
    0.0
  ],
  "Heating": [
    10.81,
    9.59,
    17.7,
    15.43,
    13.84,
    11.52,
    14.89,
    22.06,
    21.8,
    29.6,
    26.87,
    27.38,
    23.83,
    27.21,
    29.35,
    31.25,
    29.49,
    37.03,
    35.9,
    39.85
  ],
  "CoP": [
    3.4354485776805253,
    3.3167293233082704,
    2.7827225130890048,
    3.040659340659341,
    3.1138907175773536,
    3.2368421052631575,
    2.980861244019139,
    2.5556946688206783,
    2.4720520673813167,
    2.357572287432007,
    2.1132254995242623,
    2.3466458658346334,
    2.4215299684542586,
    2.2063758389261743,
    2.0418163998693237,
    2.0537251409913924,
    2.009762447120078,
    2.029267029267029,
    2.230411171450737,
    2.132267441860465
  ],
  "MissingSampleQuarter": [
    null,
    null,
    null,
    null
  ],
  "MissingSampleMonth": [
    null,
    null,
    null,
    null,
    null,
    null,
    null,
    null,
    null,
    null,
    null,
    null
  ],
  "ProducedHotWater": [
    7.97,
    2.43,
    3.52,
    7.72,
    3.82,
    6.75,
    4.33,
    6.689,
    12.1,
    14.69,
    12.86,
    13.01,
    3.96,
    7.06,
    3.28,
    6.25,
    3.22,
    4.25,
    7.51,
    3.8
  ],
  "ProducedCooling": [
    0.0,
    0.0,
    0.0,
    0.0,
    0.0,
    0.0,
    0.0,
    0.0,
    0.0,
    0.0,
    0.0,
    0.0,
    0.0,
    0.0,
    0.0,
    0.0,
    0.0,
    0.0,
    0.0,
    0.0
  ],
  "ProducedHeating": [
    39.13,
    32.86,
    49.63,
    47.62,
    43.48,
    38.76,
    45.51,
    56.59,
    52.47,
    67.66,
    53.77,
    62.2,
    57.45,
    58.69,
    59.22,
    62.94,
    58.54,
    74.1,
    78.74,
    84.22
  ],
  "TotalHeatingConsumed": 475.4,
  "TotalCoolingConsumed": 0.0,
  "TotalHotWaterConsumed": 50.36,
  "TotalHeatingProduced": 1123.5800000000002,
  "TotalCoolingProduced": 0.0,
  "TotalHotWaterProduced": 135.21900000000002,
  "AverageInternalTemperature": 0.0,
  "AverageExternalTemperature": 0.0,
  "Status": 0,
  "LabelType": 1,
  "TempLabels": null,
  "Labels": [
    24,
    25,
    26,
    27,
    28,
    29,
    30,
    31,
    1,
    2,
    3,
    4,
    5,
    6,
    7,
    8,
    9,
    10,
    11,
    12
  ],
  "HasZone2": false,
  "CurrencySymbol": "kWh",
  "FromDate": "2024-10-24T00:00:00",
  "ToDate": "2024-11-12T00:00:00",
  "DeviceName": "Zuby",
  "BuildingAddress": null,
  "BuildingCity": null,
  "BuildingCountry": null,
  "CustomerName": null,
  "costs": null,
  "TotalMinutes": 27360,
  "MissingMinutes": -1440
}