{
  "HotWater": [
    2.37,
    0.9,
    1.16,
    1.17,
    1.11,
    2.58,
    2.9,
    1.05,
    1.4,
    2.77,
    1.35,
    2.54,
    1.83,
    2.7,
    4.32,
    5.33,
    4.66,
    4.67,
    1.53,
    2.59
  ],
  "InternalTemperature1": null,
  "InternalTemperature2": null,
  "ExternalTemperature": null,
  "Cooling": [
    0.0,
    0.0,
    0.0,
    0.0,
    0.0,
    0.0,
    0.0,
    0.0,
    0.0,
    0.0,
    0.0,
    0.0,
    0.0,
    0.0,
    0.0,
    0.0,
    0.0,
    0.0,
    0.0,
    0.0
  ],
  "Heating": [
    7.57,
    9.92,
    10.66,
    8.81,
    7.25,
    8.77,
    10.81,
    9.59,
    17.7,
    15.43,
    13.84,
    11.52,
    14.89,
    22.06,
    21.8,
    29.6,
    26.87,
    27.38,
    23.83,
    27.21
  ],
  "CoP": [
    3.5784708249496986,
    3.648798521256931,
    3.5372250423011846,
    3.4819639278557113,
    3.5622009569377995,
    3.527753303964758,
    3.4354485776805253,
    3.3167293233082704,
    2.7827225130890048,
    3.040659340659341,
    3.1138907175773536,
    3.2368421052631575,
    2.980861244019139,
    2.5556946688206783,
    2.4720520673813167,
    2.357572287432007,
    2.1132254995242623,
    2.3466458658346334,
    2.4215299684542586,
    2.2063758389261743
  ],
  "MissingSampleQuarter": [
    null,
    null,
    null,
    null
  ],
  "MissingSampleMonth": [
    null,
    null,
    null,
    null,
    null,
    null,
    null,
    null,
    null,
    null,
    null,
    null
  ],
  "ProducedHotWater": [
    5.88,
    2.23,
    2.7,
    3.09,
    3.2,
    6.65,
    7.97,
    2.43,
    3.52,
    7.72,
    3.82,
    6.75,
    4.33,
    6.689,
    12.1,
    14.69,
    12.86,
    13.01,
    3.96,
    7.06
  ],
  "ProducedCooling": [
    0.0,
    0.0,
    0.0,
    0.0,
    0.0,
    0.0,
    0.0,
    0.0,
    0.0,
    0.0,
    0.0,
    0.0,
    0.0,
    0.0,
    0.0,
    0.0,
    0.0,
    0.0,
    0.0,
    0.0
  ],
  "ProducedHeating": [
    29.69,
    37.25,
    39.11,
    31.66,
    26.58,
    33.39,
    39.13,
    32.86,
    49.63,
    47.62,
    43.48,
    38.76,
    45.51,
    56.59,
    52.47,
    67.66,
    53.77,
    62.2,
    57.45,
    58.69
  ],
  "TotalHeatingConsumed": 325.51000000000005,
  "TotalCoolingConsumed": 0.0,
  "TotalHotWaterConsumed": 48.93000000000001,
  "TotalHeatingProduced": 903.5,
  "TotalCoolingProduced": 0.0,
  "TotalHotWaterProduced": 130.659,
  "AverageInternalTemperature": 0.0,
  "AverageExternalTemperature": 0.0,
  "Status": 0,
  "LabelType": 1,
  "TempLabels": null,
  "Labels": [
    18,
    19,
    20,
    21,
    22,
    23,
    24,
    25,
    26,
    27,
    28,
    29,
    30,
    31,
    1,
    2,
    3,
    4,
    5,
    6
  ],
  "HasZone2": false,
  "CurrencySymbol": "kWh",
  "FromDate": "2024-10-18T00:00:00",
  "ToDate": "2024-11-06T00:00:00",
  "DeviceName": "Zuby",
  "BuildingAddress": null,
  "BuildingCity": null,
  "BuildingCountry": null,
  "CustomerName": null,
  "costs": null,
  "TotalMinutes": 27360,
  "MissingMinutes": -1440
}