{
  "HotWater": [
    1.26,
    2.44,
    1.24,
    1.58,
    2.77,
    1.43,
    2.6,
    1.2,
    2.41,
    2.8,
    2.96,
    1.26,
    1.65,
    2.85,
    2.029,
    1.53,
    1.46,
    1.09,
    2.88,
    1.42
  ],
  "InternalTemperature1": null,
  "InternalTemperature2": null,
  "ExternalTemperature": null,
  "Cooling": [
    0.0,
    0.0,
    0.0,
    0.0,
    0.0,
    0.0,
    0.0,
    0.0,
    0.0,
    0.0,
    0.0,
    0.0,
    0.0,
    0.0,
    0.0,
    0.0,
    0.0,
    0.0,
    0.0,
    0.0
  ],
  "Heating": [
    29.35,
    31.25,
    29.49,
    37.03,
    35.9,
    39.85,
    39.2,
    48.05,
    53.28,
    50.32,
    41.91,
    34.82,
    40.41,
    34.57,
    33.74,
    47.12,
    53.46,
    28.31,
    24.37,
    35.48
  ],
  "CoP": [
    2.0418163998693237,
    2.0537251409913924,
    2.009762447120078,
    2.029267029267029,
    2.230411171450737,
    2.132267441860465,
    2.0255980861244023,
    2.043045685279188,
    1.899084216196804,
    2.0935617469879517,
    2.3091152217517275,
    2.5828713968957873,
    2.713504517356158,
    2.530999465526456,
    2.719953031955045,
    2.4838643371017475,
    2.42006554989075,
    3.3581632653061226,
    3.4620183486238534,
    2.5837127371273714
  ],
  "MissingSampleQuarter": [
    null,
    null,
    null,
    null
  ],
  "MissingSampleMonth": [
    null,
    null,
    null,
    null,
    null,
    null,
    null,
    null,
    null,
    null,
    null,
    null
  ],
  "ProducedHotWater": [
    3.28,
    6.25,
    3.22,
    4.25,
    7.51,
    3.8,
    6.59,
    2.93,
    5.13,
    7.01,
    7.26,
    3.1,
    4.01,
    5.93,
    3.84,
    2.39,
    2.3,
    2.32,
    7.51,
    2.969
  ],
  "ProducedCooling": [
    0.0,
    0.0,
    0.0,
    0.0,
    0.0,
    0.0,
    0.0,
    0.0,
    0.0,
    0.0,
    0.0,
    0.0,
    0.0,
    0.0,
    0.0,
    0.0,
    0.0,
    0.0,
    0.0,
    0.0
  ],
  "ProducedHeating": [
    59.22,
    62.94,
    58.54,
    74.1,
    78.74,
    84.22,
    78.08,
    97.69,
    100.63,
    104.2,
    96.35,
    90.09,
    110.12,
    88.78,
    93.45,
    118.45,
    130.61,
    96.41,
    86.83,
    92.37
  ],
  "TotalHeatingConsumed": 767.9100000000001,
  "TotalCoolingConsumed": 0.0,
  "TotalHotWaterConsumed": 38.85900000000001,
  "TotalHeatingProduced": 1801.8200000000002,
  "TotalCoolingProduced": 0.0,
  "TotalHotWaterProduced": 91.599,
  "AverageInternalTemperature": 0.0,
  "AverageExternalTemperature": 0.0,
  "Status": 0,
  "LabelType": 1,
  "TempLabels": null,
  "Labels": [
    7,
    8,
    9,
    10,
    11,
    12,
    13,
    14,
    15,
    16,
    17,
    18,
    19,
    20,
    21,
    22,
    23,
    24,
    25,
    26
  ],
  "HasZone2": false,
  "CurrencySymbol": "kWh",
  "FromDate": "2024-11-07T00:00:00",
  "ToDate": "2024-11-26T00:00:00",
  "DeviceName": "Zuby",
  "BuildingAddress": null,
  "BuildingCity": null,
  "BuildingCountry": null,
  "CustomerName": null,
  "costs": null,
  "TotalMinutes": 27360,
  "MissingMinutes": -1440
}