{
  "HotWater": [
    2.029,
    1.53,
    1.46,
    1.09,
    2.88,
    1.42,
    3.15,
    1.01,
    2.16,
    3.05,
    5.41,
    1.03,
    1.4,
    1.1,
    2.4,
    0.96,
    3.16,
    1.45,
    2.54,
    2.09
  ],
  "InternalTemperature1": null,
  "InternalTemperature2": null,
  "ExternalTemperature": null,
  "Cooling": [
    0.0,
    0.0,
    0.0,
    0.0,
    0.0,
    0.0,
    0.0,
    0.0,
    0.0,
    0.0,
    0.0,
    0.0,
    0.0,
    0.0,
    0.0,
    0.0,
    0.0,
    0.0,
    0.0,
    0.0
  ],
  "Heating": [
    33.74,
    47.12,
    53.46,
    28.31,
    24.37,
    35.48,
    40.93,
    37.67,
    51.74,
    57.74,
    58.12,
    37.57,
    45.73,
    53.04,
    61.23,
    49.5,
    58.64,
    68.87,
    67.31,
    73.17
  ],
  "CoP": [
    2.719953031955045,
    2.4838643371017475,
    2.42006554989075,
    3.3581632653061226,
    3.4620183486238534,
    2.5837127371273714,
    2.2003176043557167,
    2.426059979317477,
    2.06417439703154,
    1.8820529692383616,
    1.9683614040610735,
    2.430569948186528,
    2.2766815192022065,
    2.027151828592538,
    1.8604431871758602,
    2.023781212841855,
    1.8415857605177994,
    1.6751990898748579,
    1.7398711524695778,
    1.7989503056072282
  ],
  "MissingSampleQuarter": [
    null,
    null,
    null,
    null
  ],
  "MissingSampleMonth": [
    null,
    null,
    null,
    null,
    null,
    null,
    null,
    null,
    null,
    null,
    null,
    null
  ],
  "ProducedHotWater": [
    3.84,
    2.39,
    2.3,
    2.32,
    7.51,
    2.969,
    7.76,
    2.54,
    4.939,
    6.29,
    12.93,
    2.46,
    3.32,
    2.31,
    5.37,
    2.48,
    7.09,
    2.91,
    5.74,
    4.35
  ],
  "ProducedCooling": [
    0.0,
    0.0,
    0.0,
    0.0,
    0.0,
    0.0,
    0.0,
    0.0,
    0.0,
    0.0,
    0.0,
    0.0,
    0.0,
    0.0,
    0.0,
    0.0,
    0.0,
    0.0,
    0.0,
    0.0
  ],
  "ProducedHeating": [
    93.45,
    118.45,
    130.61,
    96.41,
    86.83,
    92.37,
    89.23,
    91.3,
    106.32,
    108.12,
    112.12,
    91.36,
    103.98,
    107.44,
    113.01,
    99.64,
    106.72,
    114.89,
    115.79,
    131.039
  ],
  "TotalHeatingConsumed": 983.7399999999999,
  "TotalCoolingConsumed": 0.0,
  "TotalHotWaterConsumed": 41.319,
  "TotalHeatingProduced": 2109.079,
  "TotalCoolingProduced": 0.0,
  "TotalHotWaterProduced": 91.818,
  "AverageInternalTemperature": 0.0,
  "AverageExternalTemperature": 0.0,
  "Status": 0,
  "LabelType": 1,
  "TempLabels": null,
  "Labels": [
    21,
    22,
    23,
    24,
    25,
    26,
    27,
    28,
    29,
    30,
    1,
    2,
    3,
    4,
    5,
    6,
    7,
    8,
    9,
    10
  ],
  "HasZone2": false,
  "CurrencySymbol": "kWh",
  "FromDate": "2024-11-21T00:00:00",
  "ToDate": "2024-12-10T00:00:00",
  "DeviceName": "Zuby",
  "BuildingAddress": null,
  "BuildingCity": null,
  "BuildingCountry": null,
  "CustomerName": null,
  "costs": null,
  "TotalMinutes": 27360,
  "MissingMinutes": -1440
}