{
  "HotWater": [
    2.54,
    2.81,
    1.15,
    1.2,
    2.45,
    1.72,
    1.68,
    2.78,
    2.9,
    2.45,
    3.27,
    1.64,
    1.05,
    2.48,
    1.74,
    5.35,
    4.33,
    4.03,
    3.48,
    2.3
  ],
  "InternalTemperature1": null,
  "InternalTemperature2": null,
  "ExternalTemperature": null,
  "Cooling": [
    0.0,
    0.0,
    0.0,
    0.0,
    0.0,
    0.0,
    0.0,
    0.0,
    0.0,
    0.0,
    0.0,
    0.0,
    0.0,
    0.0,
    0.0,
    0.0,
    0.0,
    0.0,
    0.0,
    0.0
  ],
  "Heating": [
    46.43,
    46.14,
    58.04,
    64.54,
    69.47,
    73.34,
    78.56,
    84.8,
    80.8,
    64.43,
    57.77,
    50.59,
    44.36,
    42.72,
    44.7,
    59.07,
    72.9,
    62.94,
    76.65,
    76.14
  ],
  "CoP": [
    2.241984888707372,
    2.2964249233912155,
    2.261868558878189,
    2.0635838150289016,
    1.9988876529477195,
    1.913935518252065,
    1.8857178464606184,
    1.845398492806577,
    1.8763440860215055,
    2.141596889952153,
    2.224770642201835,
    2.427532069691748,
    2.486016295970051,
    2.457522123893805,
    2.378337639965547,
    2.0703197764669357,
    1.8075747766412014,
    1.9786471554427354,
    1.9082740546611756,
    1.9241458439571648
  ],
  "MissingSampleQuarter": [
    null,
    null,
    null,
    null
  ],
  "MissingSampleMonth": [
    null,
    null,
    null,
    null,
    null,
    null,
    null,
    null,
    null,
    null,
    null,
    null
  ],
  "ProducedHotWater": [
    6.29,
    6.74,
    2.42,
    2.46,
    5.01,
    2.74,
    2.57,
    5.23,
    5.77,
    5.26,
    7.25,
    3.68,
    2.35,
    6.31,
    4.66,
    11.65,
    9.31,
    9.32,
    8.05,
    5.03
  ],
  "ProducedCooling": [
    0.0,
    0.0,
    0.0,
    0.0,
    0.0,
    0.0,
    0.0,
    0.0,
    0.0,
    0.0,
    0.0,
    0.0,
    0.0,
    0.0,
    0.0,
    0.0,
    0.0,
    0.0,
    0.0,
    0.0
  ],
  "ProducedHeating": [
    103.5,
    105.67,
    131.46,
    133.2,
    138.75,
    140.92,
    148.74,
    156.39,
    151.28,
    137.97,
    128.55,
    123.11,
    110.54,
    104.77,
    105.79,
    121.72,
    130.289,
    123.19,
    144.86,
    145.9
  ],
  "TotalHeatingConsumed": 1254.3900000000003,
  "TotalCoolingConsumed": 0.0,
  "TotalHotWaterConsumed": 51.349999999999994,
  "TotalHeatingProduced": 2586.5989999999997,
  "TotalCoolingProduced": 0.0,
  "TotalHotWaterProduced": 112.10000000000001,
  "AverageInternalTemperature": 0.0,
  "AverageExternalTemperature": 0.0,
  "Status": 0,
  "LabelType": 1,
  "TempLabels": null,
  "Labels": [
    30,
    31,
    1,
    2,
    3,
    4,
    5,
    6,
    7,
    8,
    9,
    10,
    11,
    12,
    13,
    14,
    15,
    16,
    17,
    18
  ],
  "HasZone2": false,
  "CurrencySymbol": "kWh",
  "FromDate": "2025-01-30T00:00:00",
  "ToDate": "2025-02-18T00:00:00",
  "DeviceName": "Zuby",
  "BuildingAddress": null,
  "BuildingCity": null,
  "BuildingCountry": null,
  "CustomerName": null,
  "costs": null,
  "TotalMinutes": 27360,
  "MissingMinutes": -1440
}