{
  "HotWater": [
    1.99,
    4.04,
    1.88,
    3.68,
    1.21,
    2.5,
    3.19,
    1.16,
    3.5,
    1.29,
    3.14,
    1.28,
    2.89,
    2.87,
    2.54,
    2.81,
    1.15,
    1.2,
    2.45,
    1.72
  ],
  "InternalTemperature1": null,
  "InternalTemperature2": null,
  "ExternalTemperature": null,
  "Cooling": [
    0.0,
    0.0,
    0.0,
    0.0,
    0.0,
    0.0,
    0.0,
    0.0,
    0.0,
    0.0,
    0.0,
    0.0,
    0.0,
    0.0,
    0.0,
    0.0,
    0.0,
    0.0,
    0.0,
    0.0
  ],
  "Heating": [
    82.73,
    82.63,
    84.77,
    80.12,
    69.2,
    61.74,
    56.28,
    48.24,
    38.47,
    30.01,
    38.18,
    36.87,
    46.09,
    45.96,
    46.43,
    46.14,
    58.04,
    64.54,
    69.47,
    73.34
  ],
  "CoP": [
    1.9264636449480643,
    1.6934348678896967,
    1.651009809578765,
    1.7922434367541766,
    2.0372106234909815,
    1.990348692403487,
    2.1987556751303177,
    2.3961538461538465,
    2.291636883488206,
    2.498402555910543,
    2.175217812197483,
    2.36697247706422,
    2.1982441812984894,
    2.2408355519148064,
    2.241984888707372,
    2.2964249233912155,
    2.261868558878189,
    2.0635838150289016,
    1.9988876529477195,
    1.913935518252065
  ],
  "MissingSampleQuarter": [
    null,
    null,
    null,
    null
  ],
  "MissingSampleMonth": [
    null,
    null,
    null,
    null,
    null,
    null,
    null,
    null,
    null,
    null,
    null,
    null
  ],
  "ProducedHotWater": [
    3.85,
    6.85,
    3.87,
    7.68,
    2.5,
    5.56,
    6.66,
    2.73,
    8.93,
    3.2,
    8.18,
    3.09,
    6.49,
    6.97,
    6.29,
    6.74,
    2.42,
    2.46,
    5.01,
    2.74
  ],
  "ProducedCooling": [
    0.0,
    0.0,
    0.0,
    0.0,
    0.0,
    0.0,
    0.0,
    0.0,
    0.0,
    0.0,
    0.0,
    0.0,
    0.0,
    0.0,
    0.0,
    0.0,
    0.0,
    0.0,
    0.0,
    0.0
  ],
  "ProducedHeating": [
    159.36,
    139.92,
    139.19,
    142.51,
    140.94,
    122.3,
    124.1,
    115.64,
    87.25,
    75.0,
    81.7,
    87.21,
    101.18,
    102.45,
    103.5,
    105.67,
    131.46,
    133.2,
    138.75,
    140.92
  ],
  "TotalHeatingConsumed": 1159.2499999999998,
  "TotalCoolingConsumed": 0.0,
  "TotalHotWaterConsumed": 46.49000000000001,
  "TotalHeatingProduced": 2372.2500000000005,
  "TotalCoolingProduced": 0.0,
  "TotalHotWaterProduced": 102.21999999999998,
  "AverageInternalTemperature": 0.0,
  "AverageExternalTemperature": 0.0,
  "Status": 0,
  "LabelType": 1,
  "TempLabels": null,
  "Labels": [
    16,
    17,
    18,
    19,
    20,
    21,
    22,
    23,
    24,
    25,
    26,
    27,
    28,
    29,
    30,
    31,
    1,
    2,
    3,
    4
  ],
  "HasZone2": false,
  "CurrencySymbol": "kWh",
  "FromDate": "2025-01-16T00:00:00",
  "ToDate": "2025-02-04T00:00:00",
  "DeviceName": "Zuby",
  "BuildingAddress": null,
  "BuildingCity": null,
  "BuildingCountry": null,
  "CustomerName": null,
  "costs": null,
  "TotalMinutes": 27360,
  "MissingMinutes": -1440
}