{
  "HotWater": [
    0.96,
    0.98,
    0.92,
    1.0,
    1.569,
    1.38,
    0.9,
    2.45,
    1.74,
    1.12,
    2.85,
    1.43,
    2.43,
    0.88,
    1.78,
    2.46,
    1.48,
    2.36,
    2.05,
    2.27
  ],
  "InternalTemperature1": null,
  "InternalTemperature2": null,
  "ExternalTemperature": null,
  "Cooling": [
    0.0,
    0.0,
    0.0,
    0.0,
    0.0,
    0.0,
    0.0,
    0.0,
    0.0,
    0.0,
    0.0,
    0.0,
    0.0,
    0.0,
    0.0,
    0.0,
    0.0,
    0.0,
    0.0,
    0.0
  ],
  "Heating": [
    4.14,
    5.32,
    10.51,
    17.01,
    15.21,
    10.6,
    12.07,
    17.28,
    17.41,
    26.27,
    24.36,
    10.37,
    9.5,
    12.82,
    9.81,
    12.81,
    21.81,
    12.26,
    11.25,
    8.77
  ],
  "CoP": [
    3.629411764705883,
    3.9063492063492062,
    3.993875765529309,
    3.2187673514714046,
    3.600333750521485,
    3.7762938230383973,
    3.4016962220508864,
    3.031931069437405,
    3.0966057441253265,
    2.5878057685286597,
    2.5112091142962143,
    3.5864406779661016,
    3.4719195305951387,
    3.3226277372262776,
    3.3252804141501295,
    2.967910936476752,
    2.8849291541434092,
    3.65389876880985,
    3.600751879699248,
    3.7907608695652177
  ],
  "MissingSampleQuarter": [
    null,
    null,
    null,
    null
  ],
  "MissingSampleMonth": [
    null,
    null,
    null,
    null,
    null,
    null,
    null,
    null,
    null,
    null,
    null,
    null
  ],
  "ProducedHotWater": [
    2.34,
    2.35,
    2.13,
    2.2,
    3.92,
    3.37,
    2.18,
    5.68,
    4.39,
    2.7,
    7.29,
    4.4,
    5.85,
    2.37,
    4.56,
    5.48,
    4.1,
    6.42,
    5.56,
    5.92
  ],
  "ProducedCooling": [
    0.0,
    0.0,
    0.0,
    0.0,
    0.0,
    0.0,
    0.0,
    0.0,
    0.0,
    0.0,
    0.0,
    0.0,
    0.0,
    0.0,
    0.0,
    0.0,
    0.0,
    0.0,
    0.0,
    0.0
  ],
  "ProducedHeating": [
    16.17,
    22.26,
    43.52,
    55.77,
    56.49,
    41.87,
    41.94,
    54.14,
    54.91,
    68.18,
    61.04,
    37.92,
    35.57,
    43.15,
    33.98,
    39.84,
    63.09,
    47.0,
    42.33,
    35.93
  ],
  "TotalHeatingConsumed": 269.58,
  "TotalCoolingConsumed": 0.0,
  "TotalHotWaterConsumed": 33.00900000000001,
  "TotalHeatingProduced": 895.1000000000001,
  "TotalCoolingProduced": 0.0,
  "TotalHotWaterProduced": 83.21,
  "AverageInternalTemperature": 0.0,
  "AverageExternalTemperature": 0.0,
  "Status": 0,
  "LabelType": 1,
  "TempLabels": null,
  "Labels": [
    26,
    27,
    28,
    29,
    30,
    1,
    2,
    3,
    4,
    5,
    6,
    7,
    8,
    9,
    10,
    11,
    12,
    13,
    14,
    15
  ],
  "HasZone2": false,
  "CurrencySymbol": "kWh",
  "FromDate": "2024-09-26T00:00:00",
  "ToDate": "2024-10-15T00:00:00",
  "DeviceName": "Zuby",
  "BuildingAddress": null,
  "BuildingCity": null,
  "BuildingCountry": null,
  "CustomerName": null,
  "costs": null,
  "TotalMinutes": 27360,
  "MissingMinutes": -1440
}