{
  "HotWater": [
    2.4,
    0.96,
    3.16,
    1.45,
    2.54,
    2.09,
    1.26,
    3.24,
    1.85,
    1.26,
    3.79,
    1.89,
    2.8,
    1.95,
    2.77,
    3.25,
    1.19,
    1.16,
    1.3,
    1.35
  ],
  "InternalTemperature1": null,
  "InternalTemperature2": null,
  "ExternalTemperature": null,
  "Cooling": [
    0.0,
    0.0,
    0.0,
    0.0,
    0.0,
    0.0,
    0.0,
    0.0,
    0.0,
    0.0,
    0.0,
    0.0,
    0.0,
    0.0,
    0.0,
    0.0,
    0.0,
    0.0,
    0.0,
    0.0
  ],
  "Heating": [
    61.23,
    49.5,
    58.64,
    68.87,
    67.31,
    73.17,
    74.84,
    66.69,
    93.39,
    71.34,
    57.96,
    65.42,
    48.96,
    41.64,
    40.85,
    62.71,
    65.48,
    58.42,
    73.89,
    82.7
  ],
  "CoP": [
    1.8604431871758602,
    2.023781212841855,
    1.8415857605177994,
    1.6751990898748579,
    1.7398711524695778,
    1.7989503056072282,
    1.7600525624178713,
    1.8787358787358786,
    1.6683011339773206,
    1.815702479338843,
    2.0359514170040485,
    1.983657703164463,
    2.3529752704791345,
    2.5322092222986923,
    2.4424575882622652,
    1.8878107944208613,
    1.846557672116394,
    2.2338032896945283,
    2.008511770182205,
    1.862700773349197
  ],
  "MissingSampleQuarter": [
    null,
    null,
    null,
    null
  ],
  "MissingSampleMonth": [
    null,
    null,
    null,
    null,
    null,
    null,
    null,
    null,
    null,
    null,
    null,
    null
  ],
  "ProducedHotWater": [
    5.37,
    2.48,
    7.09,
    2.91,
    5.74,
    4.35,
    2.59,
    6.81,
    3.469,
    2.75,
    8.69,
    3.61,
    6.37,
    4.939,
    7.68,
    7.18,
    2.74,
    2.43,
    2.32,
    2.24
  ],
  "ProducedCooling": [
    0.0,
    0.0,
    0.0,
    0.0,
    0.0,
    0.0,
    0.0,
    0.0,
    0.0,
    0.0,
    0.0,
    0.0,
    0.0,
    0.0,
    0.0,
    0.0,
    0.0,
    0.0,
    0.0,
    0.0
  ],
  "ProducedHeating": [
    113.01,
    99.64,
    106.72,
    114.89,
    115.79,
    131.039,
    131.35,
    124.57,
    155.42,
    129.07,
    117.03,
    129.91,
    115.42,
    105.44,
    98.86,
    117.34,
    120.37,
    130.66,
    148.7,
    154.32
  ],
  "TotalHeatingConsumed": 1283.0100000000002,
  "TotalCoolingConsumed": 0.0,
  "TotalHotWaterConsumed": 41.66,
  "TotalHeatingProduced": 2459.549,
  "TotalCoolingProduced": 0.0,
  "TotalHotWaterProduced": 91.75800000000001,
  "AverageInternalTemperature": 0.0,
  "AverageExternalTemperature": 0.0,
  "Status": 0,
  "LabelType": 1,
  "TempLabels": null,
  "Labels": [
    5,
    6,
    7,
    8,
    9,
    10,
    11,
    12,
    13,
    14,
    15,
    16,
    17,
    18,
    19,
    20,
    21,
    22,
    23,
    24
  ],
  "HasZone2": false,
  "CurrencySymbol": "kWh",
  "FromDate": "2024-12-05T00:00:00",
  "ToDate": "2024-12-24T00:00:00",
  "DeviceName": "Zuby",
  "BuildingAddress": null,
  "BuildingCity": null,
  "BuildingCountry": null,
  "CustomerName": null,
  "costs": null,
  "TotalMinutes": 27360,
  "MissingMinutes": -1440
}