{
  "HotWater": [
    1.74,
    5.35,
    4.33,
    4.03,
    3.48,
    2.3,
    3.04,
    2.18,
    2.85,
    3.12,
    3.16,
    3.37,
    2.08,
    3.24,
    3.66,
    3.44,
    4.55,
    5.67,
    1.5,
    3.55
  ],
  "InternalTemperature1": null,
  "InternalTemperature2": null,
  "ExternalTemperature": null,
  "Cooling": [
    0.0,
    0.0,
    0.0,
    0.0,
    0.0,
    0.0,
    0.0,
    0.0,
    0.0,
    0.0,
    0.0,
    0.0,
    0.0,
    0.0,
    0.0,
    0.0,
    0.0,
    0.0,
    0.0,
    0.0
  ],
  "Heating": [
    44.7,
    59.07,
    72.9,
    62.94,
    76.65,
    76.14,
    60.08,
    40.38,
    37.62,
    34.85,
    33.58,
    36.7,
    35.9,
    50.45,
    50.35,
    53.46,
    53.94,
    50.37,
    54.55,
    39.95
  ],
  "CoP": [
    2.378337639965547,
    2.0703197764669357,
    1.8075747766412014,
    1.9786471554427354,
    1.9082740546611756,
    1.9241458439571648,
    2.1226235741444865,
    2.5662593984962405,
    2.5611564121571537,
    2.7977350539899923,
    2.4961894393032114,
    2.4012977289742947,
    2.398630858346498,
    2.178245483330229,
    2.1773745602666175,
    2.0797891036906857,
    1.9620447939818773,
    2.068165596002855,
    2.0306868867082963,
    2.186206896551724
  ],
  "MissingSampleQuarter": [
    null,
    null,
    null,
    null
  ],
  "MissingSampleMonth": [
    null,
    null,
    null,
    null,
    null,
    null,
    null,
    null,
    null,
    null,
    null,
    null
  ],
  "ProducedHotWater": [
    4.66,
    11.65,
    9.31,
    9.32,
    8.05,
    5.03,
    6.1,
    5.86,
    7.57,
    7.92,
    9.22,
    9.58,
    5.76,
    7.16,
    8.26,
    8.01,
    9.97,
    13.57,
    3.3,
    8.22
  ],
  "ProducedCooling": [
    0.0,
    0.0,
    0.0,
    0.0,
    0.0,
    0.0,
    0.0,
    0.0,
    0.0,
    0.0,
    0.0,
    0.0,
    0.0,
    0.0,
    0.0,
    0.0,
    0.0,
    0.0,
    0.0,
    0.0
  ],
  "ProducedHeating": [
    105.79,
    121.72,
    130.289,
    123.19,
    144.86,
    145.9,
    127.88,
    103.36,
    96.08,
    98.31,
    82.49,
    86.64,
    85.34,
    109.79,
    109.34,
    110.33,
    104.79,
    102.33,
    110.52,
    86.88
  ],
  "TotalHeatingConsumed": 1024.58,
  "TotalCoolingConsumed": 0.0,
  "TotalHotWaterConsumed": 66.63999999999999,
  "TotalHeatingProduced": 2185.8289999999997,
  "TotalCoolingProduced": 0.0,
  "TotalHotWaterProduced": 158.52000000000004,
  "AverageInternalTemperature": 0.0,
  "AverageExternalTemperature": 0.0,
  "Status": 0,
  "LabelType": 1,
  "TempLabels": null,
  "Labels": [
    13,
    14,
    15,
    16,
    17,
    18,
    19,
    20,
    21,
    22,
    23,
    24,
    25,
    26,
    27,
    28,
    1,
    2,
    3,
    4
  ],
  "HasZone2": false,
  "CurrencySymbol": "kWh",
  "FromDate": "2025-02-13T00:00:00",
  "ToDate": "2025-03-04T00:00:00",
  "DeviceName": "Zuby",
  "BuildingAddress": null,
  "BuildingCity": null,
  "BuildingCountry": null,
  "CustomerName": null,
  "costs": null,
  "TotalMinutes": 27360,
  "MissingMinutes": -1440
}