{
  "HotWater": [
    3.66,
    3.44,
    4.55,
    5.67,
    1.5,
    3.55,
    3.3,
    5.23,
    1.17,
    1.07,
    1.02,
    3.81,
    3.09,
    1.3,
    2.969,
    2.64,
    1.28,
    2.5,
    4.03,
    1.8
  ],
  "InternalTemperature1": null,
  "InternalTemperature2": null,
  "ExternalTemperature": null,
  "Cooling": [
    0.0,
    0.0,
    0.0,
    0.0,
    0.0,
    0.0,
    0.0,
    0.0,
    0.0,
    0.0,
    0.0,
    0.0,
    0.0,
    0.0,
    0.0,
    0.0,
    0.0,
    0.0,
    0.0,
    0.0
  ],
  "Heating": [
    50.35,
    53.46,
    53.94,
    50.37,
    54.55,
    39.95,
    32.2,
    31.87,
    28.89,
    26.96,
    26.5,
    28.73,
    28.19,
    35.36,
    41.32,
    46.73,
    50.91,
    55.82,
    51.82,
    48.3
  ],
  "CoP": [
    2.1773745602666175,
    2.0797891036906857,
    1.9620447939818773,
    2.068165596002855,
    2.0306868867082963,
    2.186206896551724,
    2.2340845070422537,
    2.2892183288409704,
    2.1686626746506987,
    2.4523724580806276,
    2.6333575581395348,
    2.4409956976029505,
    2.2528452685421994,
    2.1055646481178396,
    2.1337126600284493,
    2.0962122746607252,
    2.1036597049243153,
    2.037379972565158,
    2.224350940017905,
    2.257085828343313
  ],
  "MissingSampleQuarter": [
    null,
    null,
    null,
    null
  ],
  "MissingSampleMonth": [
    null,
    null,
    null,
    null,
    null,
    null,
    null,
    null,
    null,
    null,
    null,
    null
  ],
  "ProducedHotWater": [
    8.26,
    8.01,
    9.97,
    13.57,
    3.3,
    8.22,
    8.76,
    13.16,
    2.84,
    2.54,
    2.36,
    10.21,
    8.039,
    2.82,
    6.62,
    5.82,
    3.12,
    5.49,
    8.86,
    4.16
  ],
  "ProducedCooling": [
    0.0,
    0.0,
    0.0,
    0.0,
    0.0,
    0.0,
    0.0,
    0.0,
    0.0,
    0.0,
    0.0,
    0.0,
    0.0,
    0.0,
    0.0,
    0.0,
    0.0,
    0.0,
    0.0,
    0.0
  ],
  "ProducedHeating": [
    109.34,
    110.33,
    104.79,
    102.33,
    110.52,
    86.88,
    70.55,
    71.77,
    62.35,
    66.2,
    70.11,
    69.22,
    62.43,
    74.37,
    87.88,
    97.67,
    106.67,
    113.33,
    115.37,
    108.92
  ],
  "TotalHeatingConsumed": 836.22,
  "TotalCoolingConsumed": 0.0,
  "TotalHotWaterConsumed": 57.579,
  "TotalHeatingProduced": 1801.0300000000002,
  "TotalCoolingProduced": 0.0,
  "TotalHotWaterProduced": 136.12900000000002,
  "AverageInternalTemperature": 0.0,
  "AverageExternalTemperature": 0.0,
  "Status": 0,
  "LabelType": 1,
  "TempLabels": null,
  "Labels": [
    27,
    28,
    1,
    2,
    3,
    4,
    5,
    6,
    7,
    8,
    9,
    10,
    11,
    12,
    13,
    14,
    15,
    16,
    17,
    18
  ],
  "HasZone2": false,
  "CurrencySymbol": "kWh",
  "FromDate": "2025-02-27T00:00:00",
  "ToDate": "2025-03-18T00:00:00",
  "DeviceName": "Zuby",
  "BuildingAddress": null,
  "BuildingCity": null,
  "BuildingCountry": null,
  "CustomerName": null,
  "costs": null,
  "TotalMinutes": 27360,
  "MissingMinutes": -1440
}