{
  "HotWater": [
    2.77,
    3.25,
    1.19,
    1.16,
    1.3,
    1.35,
    1.35,
    1.52,
    4.45,
    3.51,
    4.11,
    2.71,
    1.43,
    1.23,
    1.19,
    1.4,
    1.359,
    2.62,
    1.25,
    2.07
  ],
  "InternalTemperature1": null,
  "InternalTemperature2": null,
  "ExternalTemperature": null,
  "Cooling": [
    0.0,
    0.0,
    0.0,
    0.0,
    0.0,
    0.0,
    0.0,
    0.0,
    0.0,
    0.0,
    0.0,
    0.0,
    0.0,
    0.0,
    0.0,
    0.0,
    0.0,
    0.0,
    0.0,
    0.0
  ],
  "Heating": [
    40.85,
    62.71,
    65.48,
    58.42,
    73.89,
    82.7,
    97.4,
    98.18,
    87.19,
    76.52,
    63.08,
    68.85,
    66.23,
    59.32,
    55.08,
    74.74,
    87.53,
    42.33,
    40.98,
    48.78
  ],
  "CoP": [
    2.4424575882622652,
    1.8878107944208613,
    1.846557672116394,
    2.2338032896945283,
    2.008511770182205,
    1.862700773349197,
    1.7010632911392405,
    1.6816449348044131,
    1.6991488432998691,
    1.7762089216543797,
    1.9568388152998957,
    1.8402738960313023,
    2.179426544487142,
    2.3413707679603637,
    2.4739648125111073,
    1.9548200682952457,
    1.8075352405809493,
    2.4854282536151278,
    2.4141605493724843,
    2.1950835791543755
  ],
  "MissingSampleQuarter": [
    null,
    null,
    null,
    null
  ],
  "MissingSampleMonth": [
    null,
    null,
    null,
    null,
    null,
    null,
    null,
    null,
    null,
    null,
    null,
    null
  ],
  "ProducedHotWater": [
    7.68,
    7.18,
    2.74,
    2.43,
    2.32,
    2.24,
    2.4,
    2.71,
    9.9,
    6.8,
    8.33,
    5.6,
    3.03,
    2.51,
    2.41,
    2.28,
    2.36,
    6.8,
    3.07,
    4.89
  ],
  "ProducedCooling": [
    0.0,
    0.0,
    0.0,
    0.0,
    0.0,
    0.0,
    0.0,
    0.0,
    0.0,
    0.0,
    0.0,
    0.0,
    0.0,
    0.0,
    0.0,
    0.0,
    0.0,
    0.0,
    0.0,
    0.0
  ],
  "ProducedHeating": [
    98.86,
    117.34,
    120.37,
    130.66,
    148.7,
    154.32,
    165.58,
    164.95,
    145.81,
    135.35,
    123.15,
    126.09,
    144.43,
    139.26,
    136.8,
    146.56,
    158.31,
    104.92,
    98.88,
    106.73
  ],
  "TotalHeatingConsumed": 1350.2600000000002,
  "TotalCoolingConsumed": 0.0,
  "TotalHotWaterConsumed": 41.219,
  "TotalHeatingProduced": 2667.07,
  "TotalCoolingProduced": 0.0,
  "TotalHotWaterProduced": 87.67999999999999,
  "AverageInternalTemperature": 0.0,
  "AverageExternalTemperature": 0.0,
  "Status": 0,
  "LabelType": 1,
  "TempLabels": null,
  "Labels": [
    19,
    20,
    21,
    22,
    23,
    24,
    25,
    26,
    27,
    28,
    29,
    30,
    31,
    1,
    2,
    3,
    4,
    5,
    6,
    7
  ],
  "HasZone2": false,
  "CurrencySymbol": "kWh",
  "FromDate": "2024-12-19T00:00:00",
  "ToDate": "2025-01-07T00:00:00",
  "DeviceName": "Zuby",
  "BuildingAddress": null,
  "BuildingCity": null,
  "BuildingCountry": null,
  "CustomerName": null,
  "costs": null,
  "TotalMinutes": 27360,
  "MissingMinutes": -1440
}