{
  "HotWater": [
    2.56,
    1.74,
    3.07,
    1.37,
    2.46,
    1.589,
    0.0,
    2.6,
    1.45,
    1.51,
    2.52,
    0.96,
    0.98,
    0.92,
    1.0,
    1.569,
    1.38,
    0.9,
    2.45
  ],
  "InternalTemperature1": null,
  "InternalTemperature2": null,
  "ExternalTemperature": null,
  "Cooling": [
    0.0,
    0.0,
    0.0,
    0.0,
    0.0,
    0.0,
    0.0,
    0.0,
    0.0,
    0.0,
    0.0,
    0.0,
    0.0,
    0.0,
    0.0,
    0.0,
    0.0,
    0.0,
    0.0
  ],
  "Heating": [
    0.81,
    14.49,
    45.35,
    45.85,
    22.28,
    13.62,
    0.0,
    5.98,
    6.65,
    7.11,
    2.96,
    4.14,
    5.32,
    10.51,
    17.01,
    15.21,
    10.6,
    12.07,
    17.28
  ],
  "CoP": [
    1.8456973293768544,
    2.3604436229205175,
    1.8292028087567118,
    1.625772977551885,
    1.984236054971706,
    2.595173910184759,
    null,
    3.7307692307692304,
    3.465432098765432,
    3.5197215777262185,
    3.293795620437956,
    3.629411764705883,
    3.9063492063492062,
    3.993875765529309,
    3.2187673514714046,
    3.600333750521485,
    3.7762938230383973,
    3.4016962220508864,
    3.031931069437405
  ],
  "MissingSampleQuarter": [
    null,
    null,
    null,
    null
  ],
  "MissingSampleMonth": [
    null,
    null,
    null,
    null,
    null,
    null,
    null,
    null,
    null,
    null,
    null,
    null
  ],
  "ProducedHotWater": [
    6.22,
    3.62,
    7.47,
    3.719,
    5.98,
    3.8,
    0.0,
    7.33,
    3.27,
    3.8,
    6.42,
    2.34,
    2.35,
    2.13,
    2.2,
    3.92,
    3.37,
    2.18,
    5.68
  ],
  "ProducedCooling": [
    0.0,
    0.0,
    0.0,
    0.0,
    0.0,
    0.0,
    0.0,
    0.0,
    0.0,
    0.0,
    0.0,
    0.0,
    0.0,
    0.0,
    0.0,
    0.0,
    0.0,
    0.0,
    0.0
  ],
  "ProducedHeating": [
    0.0,
    34.69,
    81.1,
    73.05,
    43.11,
    35.67,
    0.0,
    24.68,
    24.8,
    26.54,
    11.63,
    16.17,
    22.26,
    43.52,
    55.77,
    56.49,
    41.87,
    41.94,
    54.14
  ],
  "TotalHeatingConsumed": 257.24,
  "TotalCoolingConsumed": 0.0,
  "TotalHotWaterConsumed": 31.028,
  "TotalHeatingProduced": 687.43,
  "TotalCoolingProduced": 0.0,
  "TotalHotWaterProduced": 75.79900000000004,
  "AverageInternalTemperature": 0.0,
  "AverageExternalTemperature": 0.0,
  "Status": 0,
  "LabelType": 1,
  "TempLabels": null,
  "Labels": [
    11,
    12,
    13,
    14,
    15,
    16,
    17,
    22,
    23,
    24,
    25,
    26,
    27,
    28,
    29,
    30,
    1,
    2,
    3
  ],
  "HasZone2": false,
  "CurrencySymbol": "kWh",
  "FromDate": "2024-09-11T00:00:00",
  "ToDate": "2024-10-03T00:00:00",
  "DeviceName": "Zuby",
  "BuildingAddress": null,
  "BuildingCity": null,
  "BuildingCountry": null,
  "CustomerName": null,
  "costs": null,
  "TotalMinutes": 36000,
  "MissingMinutes": 11400
}